model,grouping,accuracy,macro_f1
rf,driver,0.6602440590879898,0.6551936874000702
logreg,driver,0.5639049454078355,0.5659816660696143
linsvc,driver,0.5606936416184971,0.5580310385403088
