model,grouping,accuracy,macro_f1
rf,driver,0.6600834938985228,0.6499181611055526
logreg,driver,0.5658317276814386,0.5636183644827276
linsvc,driver,0.5639049454078355,0.5571682740718398
