setting,model,macro_f1
COM_novas,rf,0.6499181611055526
SEM_novas,rf,0.6551936874000702
