window,accuracy,macro_f1
5s,0.6311331308933994,0.6169546753269836
10s,0.6600834938985228,0.6499181611055526
