group,accuracy,macro_f1,recall_drowsy
motorway,0.6353887399463807,0.6349184659614607,0.46255144032921813
secondary,0.6889585510275166,0.6529741009947889,0.5300127713920817
