route_type,accuracy,macro_f1
secondary,0.5852813852813853,0.541128846176231
motorway,0.4965128357323045,0.4912382858462087
