route_type,accuracy,macro_f1
secondary,0.5752380952380952,0.5459180638131552
motorway,0.5051194539249146,0.499124265519667
