route_type,accuracy,macro_f1
secondary,0.66008658008658,0.6150906436924187
motorway,0.6063214126725034,0.6037530153717342
