route_type,accuracy,macro_f1
secondary,0.5956112852664577,0.5715457364196103
motorway,0.5403634197199881,0.5361289389024502
