route_type,accuracy,macro_f1
secondary,0.6889585510275166,0.6529741009947889
motorway,0.6353887399463807,0.6349184659614607
