route_type,accuracy,macro_f1
secondary,0.6064089167537443,0.5676843873999179
motorway,0.52755436401549,0.5231493529350351
