label,avg_precision(PR-AUC)
aggressive,0.7621361171043757
drowsy,0.6704228258609022
normal,0.6626972302781726
