model,grouping,accuracy,macro_f1
rf,driver,0.6311331308933994,0.6169546753269836
linsvc,driver,0.5374780246124341,0.529591853043672
logreg,driver,0.5374780246124341,0.5343197308216636
